split,row,original_length,prompt_length,trained_tokens,was_truncated
train,0,713,126,587,False
train,1,588,112,476,False
train,2,564,113,451,False
train,3,936,144,792,False
train,4,675,148,527,False
train,5,911,144,767,False
train,6,964,171,793,False
train,7,842,141,701,False
train,8,520,146,374,False
train,9,546,115,431,False
train,10,698,143,555,False
train,11,785,124,661,False
train,12,515,116,399,False
train,13,725,153,572,False
train,14,948,158,790,False
train,15,698,119,579,False
train,16,716,127,589,False
train,17,927,138,789,False
train,18,687,134,553,False
train,19,1430,118,906,True
train,20,666,140,526,False
train,21,598,128,470,False
train,22,431,144,287,False
train,23,832,143,689,False
train,24,1145,180,844,True
train,25,713,124,589,False
train,26,657,137,520,False
train,27,1135,126,898,True
train,28,577,137,440,False
train,29,838,151,687,False
train,30,589,149,440,False
train,31,2124,167,857,True
train,32,604,138,466,False
train,33,471,122,349,False
train,34,668,117,551,False
train,35,832,156,676,False
train,36,463,133,330,False
train,37,1298,156,868,True
train,38,510,125,385,False
train,39,643,133,510,False
train,40,1062,182,842,True
train,41,968,116,852,False
train,42,819,125,694,False
train,43,543,125,418,False
train,44,1130,154,870,True
train,45,802,125,677,False
train,46,1010,168,842,False
train,47,564,121,443,False
train,48,935,116,819,False
train,49,420,141,279,False
train,50,459,130,329,False
train,51,706,143,563,False
train,52,503,120,383,False
train,53,839,125,714,False
train,54,697,136,561,False
train,55,1053,156,868,True
train,56,698,122,576,False
train,57,815,128,687,False
train,58,778,138,640,False
train,59,703,140,563,False
train,60,901,158,743,False
train,61,383,114,269,False
train,62,708,175,533,False
train,63,666,126,540,False
train,64,1170,178,846,True
train,65,765,126,639,False
train,66,915,141,774,False
train,67,1227,120,904,True
train,68,441,120,321,False
train,69,442,111,331,False
train,70,744,151,593,False
train,71,886,136,750,False
train,72,617,131,486,False
train,73,696,140,556,False
train,74,821,137,684,False
train,75,620,124,496,False
train,76,1000,122,878,False
train,77,1311,125,899,True
train,78,2443,211,813,True
train,79,917,189,728,False
train,80,624,119,505,False
train,81,670,223,447,False
train,82,640,131,509,False
train,83,820,148,672,False
train,84,462,139,323,False
train,85,643,158,485,False
train,86,708,121,587,False
train,87,557,108,449,False
train,88,413,126,287,False
train,89,542,151,391,False
train,90,639,118,521,False
train,91,784,142,642,False
train,92,631,168,463,False
train,93,683,150,533,False
train,94,934,177,757,False
train,95,727,118,609,False
train,96,508,125,383,False
train,97,1207,131,893,True
train,98,2808,151,873,True
train,99,566,157,409,False
train,100,324,125,199,False
train,101,423,131,292,False
train,102,489,140,349,False
train,103,579,131,448,False
train,104,829,128,701,False
train,105,804,116,688,False
train,106,721,138,583,False
train,107,597,141,456,False
train,108,965,134,831,False
train,109,740,136,604,False
train,110,1230,153,871,True
train,111,489,154,335,False
train,112,649,124,525,False
train,113,563,130,433,False
train,114,646,115,531,False
train,115,566,135,431,False
train,116,756,125,631,False
train,117,582,117,465,False
train,118,767,147,620,False
train,119,816,181,635,False
train,120,617,139,478,False
train,121,517,122,395,False
train,122,526,135,391,False
train,123,922,145,777,False
train,124,630,133,497,False
train,125,554,142,412,False
train,126,1009,148,861,False
train,127,770,131,639,False
train,128,718,133,585,False
train,129,677,132,545,False
train,130,496,148,348,False
train,131,652,144,508,False
train,132,914,214,700,False
train,133,512,107,405,False
train,134,509,130,379,False
train,135,926,158,768,False
train,136,641,147,494,False
train,137,3515,135,889,True
train,138,806,143,663,False
train,139,492,120,372,False
train,140,990,155,835,False
train,141,939,132,807,False
train,142,2583,128,896,True
train,143,1612,178,846,True
train,144,404,128,276,False
train,145,910,171,739,False
train,146,822,149,673,False
train,147,853,123,730,False
train,148,582,121,461,False
train,149,842,130,712,False
train,150,631,139,492,False
train,151,605,129,476,False
train,152,744,143,601,False
train,153,704,159,545,False
train,154,791,131,660,False
train,155,1413,132,892,True
train,156,1014,113,901,False
train,157,748,116,632,False
train,158,578,133,445,False
train,159,895,129,766,False
train,160,506,119,387,False
train,161,590,138,452,False
train,162,607,118,489,False
train,163,633,144,489,False
train,164,699,139,560,False
train,165,721,132,589,False
train,166,1097,199,825,True
train,167,557,110,447,False
train,168,599,128,471,False
train,169,472,112,360,False
train,170,737,253,484,False
train,171,794,124,670,False
train,172,963,143,820,False
train,173,1106,157,867,True
train,174,1935,158,866,True
train,175,3728,171,853,True
train,176,945,168,777,False
train,177,605,156,449,False
train,178,717,146,571,False
train,179,1262,156,868,True
train,180,459,127,332,False
train,181,802,146,656,False
train,182,769,138,631,False
train,183,1027,150,874,True
train,184,410,116,294,False
train,185,1345,168,856,True
train,186,1242,167,857,True
train,187,838,149,689,False
train,188,915,147,768,False
train,189,639,143,496,False
train,190,1016,134,882,False
train,191,468,116,352,False
train,192,521,163,358,False
train,193,532,111,421,False
train,194,713,156,557,False
train,195,741,152,589,False
train,196,544,121,423,False
train,197,1076,156,868,True
train,198,608,123,485,False
train,199,819,123,696,False
train,200,638,116,522,False
train,201,686,122,564,False
train,202,633,143,490,False
train,203,535,133,402,False
train,204,749,134,615,False
train,205,516,120,396,False
train,206,486,127,359,False
train,207,445,132,313,False
train,208,684,152,532,False
train,209,734,141,593,False
train,210,769,162,607,False
train,211,410,146,264,False
train,212,1567,127,897,True
train,213,1081,123,901,True
train,214,677,160,517,False
train,215,334,110,224,False
train,216,1086,157,867,True
train,217,659,142,517,False
train,218,715,121,594,False
train,219,1173,161,863,True
train,220,702,140,562,False
train,221,430,131,299,False
train,222,710,124,586,False
train,223,640,115,525,False
train,224,1101,170,854,True
train,225,512,134,378,False
train,226,780,157,623,False
train,227,447,128,319,False
train,228,967,132,835,False
train,229,828,130,698,False
train,230,623,139,484,False
train,231,875,150,725,False
train,232,738,123,615,False
train,233,531,162,369,False
train,234,1001,126,875,False
train,235,657,153,504,False
train,236,528,128,400,False
train,237,772,126,646,False
train,238,460,132,328,False
train,239,804,122,682,False
train,240,837,145,692,False
train,241,716,118,598,False
train,242,1139,124,900,True
train,243,301,106,195,False
train,244,661,121,540,False
train,245,701,109,592,False
train,246,609,139,470,False
train,247,734,167,567,False
train,248,599,133,466,False
train,249,2851,216,808,True
train,250,666,118,548,False
train,251,1028,137,887,True
train,252,692,126,566,False
train,253,551,157,394,False
train,254,636,120,516,False
train,255,757,116,641,False
train,256,881,138,743,False
train,257,735,122,613,False
train,258,476,113,363,False
train,259,898,130,768,False
train,260,831,168,663,False
train,261,568,130,438,False
train,262,1037,118,906,True
train,263,657,131,526,False
train,264,646,159,487,False
train,265,1093,181,843,True
train,266,3814,135,889,True
train,267,764,170,594,False
train,268,642,120,522,False
train,269,766,124,642,False
train,270,689,115,574,False
train,271,863,134,729,False
train,272,567,129,438,False
train,273,471,117,354,False
train,274,708,127,581,False
train,275,606,113,493,False
train,276,740,151,589,False
train,277,513,141,372,False
train,278,1643,161,863,True
train,279,787,152,635,False
train,280,985,175,810,False
train,281,1155,126,898,True
train,282,878,142,736,False
train,283,676,169,507,False
train,284,725,117,608,False
train,285,1254,153,871,True
train,286,678,143,535,False
train,287,673,145,528,False
train,288,513,126,387,False
train,289,669,162,507,False
train,290,498,120,378,False
train,291,1518,151,873,True
train,292,668,168,500,False
train,293,761,179,582,False
train,294,678,115,563,False
train,295,734,142,592,False
train,296,508,131,377,False
train,297,858,157,701,False
train,298,948,134,814,False
train,299,1006,128,878,False
train,300,757,126,631,False
train,301,644,118,526,False
train,302,581,122,459,False
train,303,1008,181,827,False
train,304,937,176,761,False
train,305,3335,152,872,True
train,306,639,123,516,False
train,307,606,125,481,False
train,308,572,126,446,False
train,309,1092,228,796,True
train,310,942,177,765,False
train,311,1638,172,852,True
train,312,1279,158,866,True
train,313,595,119,476,False
train,314,493,117,376,False
train,315,743,129,614,False
train,316,594,124,470,False
train,317,1004,172,832,False
train,318,428,133,295,False
train,319,824,183,641,False
train,320,1498,191,833,True
train,321,434,129,305,False
train,322,653,114,539,False
train,323,1597,161,863,True
train,324,767,174,593,False
train,325,809,170,639,False
train,326,1041,185,839,True
train,327,1056,144,880,True
train,328,659,117,542,False
train,329,683,172,511,False
train,330,917,238,679,False
train,331,531,125,406,False
train,332,591,118,473,False
train,333,550,116,434,False
train,334,795,152,643,False
train,335,656,119,537,False
train,336,765,126,639,False
train,337,464,116,348,False
train,338,504,128,376,False
train,339,594,137,457,False
train,340,606,142,464,False
train,341,1040,135,889,True
train,342,579,120,459,False
train,343,992,170,822,False
train,344,556,132,424,False
train,345,1383,129,895,True
train,346,674,126,548,False
train,347,815,136,679,False
train,348,1731,133,891,True
train,349,366,121,245,False
train,350,750,136,614,False
train,351,958,169,789,False
train,352,480,144,336,False
train,353,974,125,849,False
train,354,585,148,437,False
train,355,530,116,414,False
train,356,952,147,805,False
train,357,572,127,445,False
train,358,1153,180,844,True
train,359,655,123,532,False
train,360,487,118,369,False
train,361,706,131,575,False
train,362,604,160,444,False
train,363,672,123,549,False
train,364,448,132,316,False
train,365,734,143,591,False
train,366,613,117,496,False
train,367,595,137,458,False
train,368,1099,149,875,True
train,369,486,145,341,False
train,370,625,144,481,False
train,371,653,155,498,False
train,372,805,146,659,False
train,373,691,115,576,False
train,374,559,148,411,False
train,375,1245,185,839,True
train,376,517,138,379,False
train,377,696,162,534,False
train,378,1244,166,858,True
train,379,693,136,557,False
train,380,830,116,714,False
train,381,691,163,528,False
train,382,2829,156,868,True
train,383,647,139,508,False
train,384,626,147,479,False
train,385,657,141,516,False
train,386,835,114,721,False
train,387,917,123,794,False
train,388,859,134,725,False
train,389,499,132,367,False
train,390,591,124,467,False
train,391,858,161,697,False
train,392,1167,129,895,True
train,393,421,141,280,False
train,394,719,121,598,False
train,395,699,151,548,False
train,396,870,117,753,False
train,397,678,164,514,False
train,398,475,138,337,False
train,399,689,124,565,False
train,400,431,140,291,False
train,401,578,112,466,False
train,402,784,126,658,False
train,403,579,120,459,False
train,404,719,190,529,False
train,405,815,175,640,False
train,406,793,125,668,False
train,407,1076,195,829,True
train,408,397,122,275,False
train,409,614,124,490,False
train,410,676,139,537,False
train,411,756,145,611,False
train,412,929,138,791,False
train,413,682,127,555,False
train,414,837,146,691,False
train,415,765,126,639,False
train,416,973,127,846,False
train,417,831,136,695,False
train,418,469,118,351,False
train,419,626,122,504,False
train,420,756,119,637,False
train,421,958,135,823,False
train,422,651,159,492,False
train,423,669,153,516,False
train,424,864,180,684,False
train,425,672,120,552,False
train,426,705,140,565,False
train,427,890,141,749,False
train,428,810,137,673,False
train,429,434,117,317,False
train,430,508,172,336,False
train,431,632,130,502,False
train,432,957,191,766,False
train,433,926,191,735,False
train,434,1714,134,890,True
train,435,974,180,794,False
train,436,1022,136,886,False
train,437,1298,181,843,True
train,438,751,140,611,False
train,439,476,125,351,False
train,440,861,152,709,False
train,441,1045,139,885,True
train,442,602,133,469,False
train,443,516,115,401,False
train,444,780,142,638,False
train,445,604,128,476,False
train,446,596,132,464,False
train,447,844,152,692,False
train,448,855,141,714,False
train,449,836,124,712,False
train,450,679,144,535,False
train,451,537,123,414,False
train,452,567,139,428,False
train,453,1191,188,836,True
train,454,681,124,557,False
train,455,1091,143,881,True
train,456,576,113,463,False
train,457,838,128,710,False
train,458,1033,180,844,True
train,459,795,132,663,False
train,460,942,152,790,False
train,461,664,160,504,False
train,462,846,135,711,False
train,463,760,158,602,False
train,464,767,134,633,False
train,465,562,158,404,False
train,466,536,140,396,False
train,467,728,139,589,False
train,468,712,132,580,False
train,469,429,106,323,False
train,470,708,149,559,False
train,471,817,160,657,False
train,472,1118,137,887,True
train,473,764,147,617,False
train,474,453,132,321,False
train,475,2056,165,859,True
train,476,811,120,691,False
train,477,1187,170,854,True
train,478,674,128,546,False
train,479,690,144,546,False
train,480,1495,128,896,True
train,481,1934,169,855,True
train,482,666,154,512,False
train,483,852,152,700,False
train,484,651,136,515,False
train,485,521,127,394,False
train,486,840,153,687,False
train,487,919,144,775,False
train,488,750,186,564,False
train,489,948,135,813,False
train,490,610,121,489,False
train,491,1279,138,886,True
train,492,443,113,330,False
train,493,511,119,392,False
train,494,695,123,572,False
train,495,700,134,566,False
train,496,840,140,700,False
train,497,674,138,536,False
train,498,481,105,376,False
train,499,638,139,499,False
train,500,529,176,353,False
train,501,681,147,534,False
train,502,537,124,413,False
train,503,786,163,623,False
train,504,582,116,466,False
train,505,818,178,640,False
train,506,504,111,393,False
train,507,709,127,582,False
train,508,670,118,552,False
train,509,4335,132,892,True
train,510,687,130,557,False
train,511,764,114,650,False
train,512,820,145,675,False
train,513,772,142,630,False
train,514,874,170,704,False
train,515,913,160,753,False
train,516,672,126,546,False
train,517,656,130,526,False
train,518,909,248,661,False
train,519,1155,134,890,True
train,520,679,151,528,False
train,521,699,146,553,False
train,522,650,141,509,False
train,523,879,143,736,False
train,524,538,143,395,False
train,525,1481,243,781,True
train,526,534,151,383,False
train,527,722,134,588,False
train,528,834,164,670,False
train,529,803,121,682,False
train,530,593,136,457,False
train,531,874,123,751,False
train,532,680,129,551,False
train,533,687,127,560,False
train,534,676,138,538,False
train,535,466,131,335,False
train,536,634,147,487,False
train,537,763,165,598,False
train,538,693,133,560,False
train,539,638,129,509,False
train,540,1510,139,885,True
train,541,891,133,758,False
train,542,574,132,442,False
train,543,495,134,361,False
train,544,565,134,431,False
train,545,617,138,479,False
train,546,880,131,749,False
train,547,1134,175,849,True
train,548,639,161,478,False
train,549,1810,169,855,True
train,550,841,148,693,False
train,551,860,147,713,False
train,552,606,130,476,False
train,553,791,188,603,False
train,554,613,120,493,False
train,555,696,137,559,False
train,556,431,117,314,False
train,557,799,175,624,False
train,558,624,160,464,False
train,559,649,159,490,False
train,560,732,148,584,False
train,561,739,135,604,False
train,562,669,134,535,False
train,563,674,156,518,False
train,564,486,133,353,False
train,565,499,111,388,False
train,566,533,141,392,False
train,567,815,153,662,False
train,568,908,140,768,False
train,569,636,137,499,False
train,570,1207,147,877,True
train,571,758,133,625,False
train,572,740,144,596,False
train,573,1577,223,801,True
train,574,589,139,450,False
train,575,660,127,533,False
train,576,513,133,380,False
train,577,454,119,335,False
train,578,533,113,420,False
train,579,672,113,559,False
train,580,626,115,511,False
train,581,527,133,394,False
train,582,4996,117,907,True
train,583,468,161,307,False
train,584,853,127,726,False
train,585,917,134,783,False
train,586,683,134,549,False
train,587,607,143,464,False
train,588,924,166,758,False
train,589,684,133,551,False
train,590,1780,132,892,True
train,591,547,126,421,False
train,592,855,137,718,False
train,593,792,160,632,False
train,594,655,131,524,False
train,595,825,140,685,False
train,596,978,133,845,False
train,597,732,142,590,False
train,598,1566,168,856,True
train,599,822,147,675,False
train,600,828,133,695,False
train,601,553,131,422,False
train,602,488,125,363,False
train,603,1128,137,887,True
train,604,2189,160,864,True
train,605,1038,148,876,True
train,606,1176,130,894,True
train,607,997,138,859,False
train,608,704,126,578,False
train,609,741,118,623,False
train,610,806,130,676,False
train,611,644,123,521,False
train,612,460,124,336,False
train,613,552,123,429,False
train,614,524,119,405,False
train,615,835,172,663,False
train,616,798,173,625,False
train,617,768,140,628,False
train,618,757,166,591,False
train,619,631,153,478,False
train,620,721,185,536,False
train,621,963,183,780,False
train,622,801,151,650,False
train,623,1024,181,843,False
train,624,762,128,634,False
train,625,443,153,290,False
train,626,554,143,411,False
train,627,631,144,487,False
train,628,833,165,668,False
train,629,803,142,661,False
train,630,676,135,541,False
train,631,861,147,714,False
train,632,800,180,620,False
train,633,861,129,732,False
train,634,1143,131,893,True
train,635,1215,162,862,True
train,636,748,123,625,False
train,637,2534,140,884,True
train,638,574,172,402,False
train,639,564,108,456,False
train,640,580,177,403,False
train,641,1068,111,913,True
train,642,1089,152,872,True
train,643,1505,171,853,True
train,644,702,126,576,False
train,645,657,139,518,False
train,646,1015,131,884,False
train,647,703,135,568,False
train,648,1021,160,861,False
train,649,752,157,595,False
train,650,612,132,480,False
train,651,560,133,427,False
train,652,709,136,573,False
train,653,563,130,433,False
train,654,555,135,420,False
train,655,962,144,818,False
train,656,688,117,571,False
train,657,1655,152,872,True
train,658,660,118,542,False
train,659,1247,132,892,True
train,660,1155,157,867,True
train,661,784,138,646,False
train,662,633,196,437,False
train,663,1099,170,854,True
train,664,642,138,504,False
train,665,484,125,359,False
train,666,582,134,448,False
train,667,746,122,624,False
train,668,761,147,614,False
train,669,453,128,325,False
train,670,1131,142,882,True
train,671,407,124,283,False
train,672,458,124,334,False
train,673,1435,162,862,True
train,674,6232,100,924,True
train,675,405,138,267,False
train,676,605,122,483,False
train,677,932,129,803,False
train,678,936,167,769,False
train,679,604,126,478,False
train,680,681,125,556,False
train,681,884,145,739,False
train,682,1735,145,879,True
train,683,531,115,416,False
train,684,507,122,385,False
train,685,644,118,526,False
train,686,792,149,643,False
train,687,789,135,654,False
train,688,547,140,407,False
train,689,1059,126,898,True
train,690,401,127,274,False
train,691,746,140,606,False
train,692,954,150,804,False
train,693,443,128,315,False
train,694,768,125,643,False
train,695,430,124,306,False
train,696,698,126,572,False
train,697,569,117,452,False
train,698,725,175,550,False
train,699,551,128,423,False
train,700,691,109,582,False
train,701,368,120,248,False
train,702,1565,160,864,True
train,703,1237,128,896,True
train,704,1139,116,908,True
train,705,541,127,414,False
train,706,564,110,454,False
train,707,728,139,589,False
train,708,1217,125,899,True
train,709,586,124,462,False
train,710,489,127,362,False
train,711,799,125,674,False
train,712,772,124,648,False
train,713,1309,150,874,True
train,714,773,132,641,False
train,715,683,125,558,False
train,716,647,153,494,False
train,717,730,160,570,False
train,718,1156,187,837,True
train,719,600,136,464,False
train,720,540,129,411,False
train,721,725,127,598,False
train,722,577,124,453,False
train,723,865,141,724,False
train,724,718,119,599,False
train,725,524,119,405,False
train,726,741,170,571,False
train,727,666,112,554,False
train,728,539,129,410,False
train,729,751,139,612,False
train,730,592,143,449,False
train,731,1142,113,911,True
train,732,601,119,482,False
train,733,5546,180,844,True
train,734,1796,161,863,True
train,735,775,134,641,False
train,736,463,113,350,False
train,737,468,124,344,False
train,738,742,191,551,False
train,739,411,120,291,False
train,740,748,147,601,False
train,741,759,149,610,False
train,742,471,133,338,False
train,743,543,151,392,False
train,744,526,152,374,False
train,745,562,116,446,False
train,746,501,119,382,False
train,747,705,142,563,False
train,748,732,137,595,False
train,749,465,146,319,False
train,750,890,151,739,False
train,751,1251,154,870,True
train,752,856,144,712,False
train,753,838,140,698,False
train,754,820,132,688,False
train,755,939,151,788,False
train,756,816,177,639,False
train,757,1527,141,883,True
train,758,899,162,737,False
train,759,855,183,672,False
train,760,524,124,400,False
train,761,532,133,399,False
train,762,654,128,526,False
train,763,911,121,790,False
train,764,529,125,404,False
train,765,752,124,628,False
train,766,428,127,301,False
train,767,1924,136,888,True
train,768,751,106,645,False
train,769,526,137,389,False
train,770,625,138,487,False
train,771,598,130,468,False
train,772,1544,187,837,True
train,773,510,135,375,False
train,774,527,145,382,False
train,775,610,119,491,False
train,776,611,129,482,False
train,777,535,128,407,False
train,778,669,131,538,False
train,779,728,130,598,False
train,780,565,138,427,False
train,781,776,130,646,False
train,782,652,138,514,False
train,783,702,127,575,False
train,784,782,147,635,False
train,785,571,117,454,False
train,786,438,117,321,False
train,787,840,118,722,False
train,788,2772,143,881,True
train,789,857,129,728,False
train,790,668,116,552,False
train,791,569,148,421,False
train,792,602,116,486,False
train,793,664,139,525,False
train,794,1098,136,888,True
train,795,637,154,483,False
train,796,792,149,643,False
train,797,759,187,572,False
train,798,465,129,336,False
train,799,1677,156,868,True
train,800,1046,151,873,True
train,801,516,110,406,False
train,802,763,154,609,False
train,803,693,138,555,False
train,804,400,116,284,False
train,805,578,156,422,False
train,806,675,123,552,False
train,807,745,141,604,False
train,808,971,207,764,False
train,809,860,214,646,False
train,810,870,156,714,False
train,811,651,122,529,False
train,812,863,169,694,False
train,813,810,145,665,False
train,814,700,121,579,False
train,815,383,121,262,False
train,816,559,165,394,False
train,817,939,139,800,False
train,818,689,158,531,False
train,819,610,132,478,False
train,820,842,136,706,False
train,821,3053,164,860,True
train,822,963,185,778,False
train,823,588,114,474,False
train,824,1273,131,893,True
train,825,912,141,771,False
train,826,784,140,644,False
train,827,726,122,604,False
train,828,923,178,745,False
train,829,780,137,643,False
train,830,587,134,453,False
train,831,698,139,559,False
train,832,886,128,758,False
train,833,1287,132,892,True
train,834,1619,172,852,True
train,835,593,115,478,False
train,836,960,153,807,False
train,837,678,136,542,False
train,838,4118,138,886,True
train,839,881,150,731,False
train,840,1040,119,905,True
train,841,480,129,351,False
train,842,515,121,394,False
train,843,622,120,502,False
train,844,1342,127,897,True
train,845,572,116,456,False
train,846,622,136,486,False
train,847,775,158,617,False
train,848,900,150,750,False
train,849,772,142,630,False
train,850,750,126,624,False
train,851,820,128,692,False
train,852,690,109,581,False
train,853,861,153,708,False
train,854,801,111,690,False
train,855,606,119,487,False
train,856,713,129,584,False
train,857,895,127,768,False
train,858,598,105,493,False
train,859,499,145,354,False
train,860,794,127,667,False
train,861,677,126,551,False
train,862,625,134,491,False
train,863,830,121,709,False
train,864,962,149,813,False
train,865,507,107,400,False
train,866,687,143,544,False
train,867,917,141,776,False
train,868,628,123,505,False
train,869,1066,249,775,True
train,870,447,132,315,False
train,871,922,161,761,False
train,872,604,122,482,False
train,873,610,134,476,False
train,874,428,109,319,False
train,875,529,173,356,False
train,876,719,137,582,False
train,877,462,114,348,False
train,878,822,137,685,False
train,879,670,122,548,False
train,880,2785,124,900,True
train,881,1785,167,857,True
train,882,684,119,565,False
train,883,937,157,780,False
train,884,620,145,475,False
train,885,376,132,244,False
train,886,673,133,540,False
train,887,656,162,494,False
train,888,827,147,680,False
train,889,780,161,619,False
train,890,755,142,613,False
train,891,622,121,501,False
train,892,547,124,423,False
train,893,516,125,391,False
train,894,969,140,829,False
train,895,591,140,451,False
train,896,835,134,701,False
train,897,712,124,588,False
train,898,517,159,358,False
train,899,619,165,454,False
train,900,834,131,703,False
train,901,1216,118,906,True
train,902,638,136,502,False
train,903,731,114,617,False
train,904,1848,179,845,True
train,905,422,124,298,False
train,906,738,118,620,False
train,907,615,141,474,False
train,908,680,156,524,False
train,909,1216,186,838,True
train,910,637,152,485,False
train,911,911,155,756,False
train,912,850,174,676,False
train,913,795,157,638,False
train,914,464,127,337,False
train,915,1282,123,901,True
train,916,700,131,569,False
train,917,635,147,488,False
train,918,670,177,493,False
train,919,638,122,516,False
train,920,750,146,604,False
train,921,774,174,600,False
train,922,548,163,385,False
train,923,1027,133,891,True
train,924,478,123,355,False
train,925,610,125,485,False
train,926,715,147,568,False
train,927,632,163,469,False
train,928,805,194,611,False
train,929,758,146,612,False
train,930,685,124,561,False
train,931,1015,154,861,False
train,932,824,139,685,False
train,933,516,115,401,False
train,934,840,161,679,False
train,935,824,161,663,False
train,936,981,158,823,False
train,937,622,172,450,False
train,938,1566,121,903,True
train,939,587,135,452,False
train,940,681,131,550,False
train,941,341,124,217,False
train,942,483,148,335,False
train,943,928,125,803,False
train,944,708,138,570,False
train,945,678,131,547,False
train,946,678,134,544,False
train,947,693,146,547,False
train,948,645,132,513,False
train,949,725,128,597,False
train,950,1053,150,874,True
train,951,660,137,523,False
train,952,1265,183,841,True
train,953,731,126,605,False
train,954,604,129,475,False
train,955,839,161,678,False
train,956,959,175,784,False
train,957,839,126,713,False
train,958,826,126,700,False
train,959,628,130,498,False
train,960,618,126,492,False
train,961,919,135,784,False
train,962,785,121,664,False
train,963,851,160,691,False
train,964,958,122,836,False
train,965,661,132,529,False
train,966,573,117,456,False
train,967,827,124,703,False
train,968,966,206,760,False
train,969,1213,155,869,True
train,970,555,163,392,False
train,971,560,192,368,False
train,972,938,149,789,False
train,973,711,153,558,False
train,974,928,159,769,False
train,975,647,112,535,False
train,976,862,153,709,False
train,977,478,130,348,False
train,978,586,126,460,False
train,979,805,164,641,False
train,980,1278,115,909,True
train,981,499,121,378,False
train,982,851,132,719,False
train,983,710,148,562,False
train,984,1043,157,867,True
train,985,601,149,452,False
train,986,964,205,759,False
train,987,592,150,442,False
train,988,580,163,417,False
train,989,553,132,421,False
train,990,453,118,335,False
train,991,541,113,428,False
train,992,788,210,578,False
train,993,731,144,587,False
train,994,849,138,711,False
train,995,613,124,489,False
train,996,632,129,503,False
train,997,885,131,754,False
train,998,846,186,660,False
train,999,874,138,736,False
train,1000,1040,166,858,True
train,1001,920,135,785,False
train,1002,683,123,560,False
train,1003,575,118,457,False
train,1004,764,117,647,False
train,1005,738,124,614,False
train,1006,1119,153,871,True
train,1007,492,136,356,False
train,1008,789,133,656,False
train,1009,841,155,686,False
train,1010,709,146,563,False
train,1011,572,116,456,False
train,1012,829,165,664,False
train,1013,1001,167,834,False
train,1014,839,146,693,False
train,1015,569,128,441,False
train,1016,850,145,705,False
train,1017,456,129,327,False
train,1018,715,165,550,False
train,1019,962,116,846,False
train,1020,965,141,824,False
train,1021,676,120,556,False
train,1022,480,142,338,False
train,1023,982,145,837,False
train,1024,928,154,774,False
train,1025,771,149,622,False
train,1026,416,116,300,False
train,1027,1183,217,807,True
train,1028,597,179,418,False
train,1029,707,136,571,False
train,1030,706,139,567,False
train,1031,1027,165,859,True
train,1032,733,152,581,False
train,1033,611,128,483,False
train,1034,3596,144,880,True
train,1035,2175,155,869,True
train,1036,523,135,388,False
train,1037,595,118,477,False
train,1038,740,141,599,False
train,1039,675,123,552,False
train,1040,1794,144,880,True
train,1041,723,215,508,False
train,1042,929,221,708,False
train,1043,1182,131,893,True
train,1044,1298,129,895,True
train,1045,626,151,475,False
train,1046,2738,173,851,True
train,1047,624,131,493,False
train,1048,618,131,487,False
train,1049,686,126,560,False
train,1050,611,159,452,False
train,1051,607,129,478,False
train,1052,807,132,675,False
train,1053,678,123,555,False
train,1054,469,145,324,False
train,1055,693,123,570,False
train,1056,757,144,613,False
train,1057,802,168,634,False
train,1058,584,119,465,False
train,1059,729,152,577,False
train,1060,771,155,616,False
train,1061,949,139,810,False
train,1062,1589,119,905,True
train,1063,944,148,796,False
train,1064,676,113,563,False
train,1065,697,150,547,False
train,1066,1292,184,840,True
train,1067,523,122,401,False
train,1068,561,133,428,False
train,1069,901,197,704,False
train,1070,1017,132,885,False
train,1071,518,149,369,False
train,1072,1040,170,854,True
train,1073,301,115,186,False
train,1074,1692,124,900,True
train,1075,844,149,695,False
train,1076,507,130,377,False
train,1077,966,130,836,False
train,1078,622,122,500,False
train,1079,865,142,723,False
train,1080,1427,139,885,True
train,1081,542,119,423,False
train,1082,664,145,519,False
train,1083,1048,136,888,True
train,1084,604,113,491,False
train,1085,500,121,379,False
train,1086,584,127,457,False
train,1087,1037,157,867,True
train,1088,810,135,675,False
train,1089,677,131,546,False
train,1090,468,113,355,False
train,1091,1162,174,850,True
train,1092,503,149,354,False
train,1093,786,150,636,False
train,1094,772,171,601,False
train,1095,846,138,708,False
train,1096,785,134,651,False
train,1097,732,133,599,False
train,1098,736,149,587,False
train,1099,994,131,863,False
train,1100,460,202,258,False
train,1101,1188,144,880,True
train,1102,553,134,419,False
train,1103,488,124,364,False
train,1104,928,179,749,False
train,1105,774,142,632,False
train,1106,793,158,635,False
train,1107,529,121,408,False
train,1108,802,146,656,False
train,1109,778,125,653,False
train,1110,436,128,308,False
train,1111,943,141,802,False
train,1112,524,135,389,False
train,1113,874,162,712,False
train,1114,685,150,535,False
train,1115,503,151,352,False
train,1116,359,118,241,False
train,1117,922,174,748,False
train,1118,1309,123,901,True
train,1119,984,164,820,False
train,1120,677,156,521,False
train,1121,888,145,743,False
train,1122,762,139,623,False
train,1123,868,150,718,False
train,1124,649,125,524,False
train,1125,671,139,532,False
train,1126,476,133,343,False
train,1127,498,142,356,False
train,1128,987,124,863,False
train,1129,782,140,642,False
train,1130,522,129,393,False
train,1131,491,127,364,False
train,1132,698,166,532,False
train,1133,1455,135,889,True
train,1134,1206,137,887,True
train,1135,494,163,331,False
train,1136,692,157,535,False
train,1137,1126,159,865,True
train,1138,877,122,755,False
train,1139,1154,128,896,True
train,1140,598,117,481,False
train,1141,1228,155,869,True
train,1142,790,144,646,False
train,1143,438,124,314,False
train,1144,1026,147,877,True
train,1145,322,114,208,False
train,1146,722,119,603,False
train,1147,1390,145,879,True
train,1148,1443,164,860,True
train,1149,531,122,409,False
train,1150,686,132,554,False
train,1151,610,114,496,False
train,1152,908,148,760,False
train,1153,608,127,481,False
train,1154,453,116,337,False
train,1155,470,126,344,False
train,1156,920,193,727,False
train,1157,308,133,175,False
train,1158,886,169,717,False
train,1159,827,151,676,False
train,1160,482,126,356,False
train,1161,2493,150,874,True
train,1162,671,125,546,False
train,1163,533,141,392,False
train,1164,771,166,605,False
train,1165,678,146,532,False
train,1166,538,112,426,False
train,1167,895,112,783,False
train,1168,697,125,572,False
train,1169,513,119,394,False
train,1170,570,118,452,False
train,1171,612,179,433,False
train,1172,532,138,394,False
train,1173,1513,143,881,True
train,1174,602,122,480,False
train,1175,764,132,632,False
train,1176,3415,124,900,True
train,1177,1195,142,882,True
train,1178,659,116,543,False
train,1179,645,128,517,False
train,1180,1063,176,848,True
train,1181,657,120,537,False
train,1182,585,126,459,False
train,1183,1030,122,902,True
train,1184,506,123,383,False
train,1185,747,145,602,False
train,1186,882,141,741,False
train,1187,627,122,505,False
train,1188,1208,163,861,True
train,1189,558,117,441,False
train,1190,537,152,385,False
train,1191,1082,160,864,True
train,1192,905,148,757,False
train,1193,828,162,666,False
train,1194,687,128,559,False
train,1195,766,150,616,False
train,1196,1019,131,888,False
train,1197,2699,137,887,True
train,1198,683,142,541,False
train,1199,468,114,354,False
train,1200,478,120,358,False
train,1201,780,148,632,False
train,1202,866,122,744,False
train,1203,892,156,736,False
train,1204,762,172,590,False
train,1205,746,147,599,False
train,1206,736,164,572,False
train,1207,725,152,573,False
train,1208,884,136,748,False
train,1209,576,137,439,False
train,1210,727,174,553,False
train,1211,873,141,732,False
train,1212,483,112,371,False
train,1213,649,178,471,False
train,1214,652,145,507,False
train,1215,2539,161,863,True
train,1216,815,130,685,False
train,1217,682,128,554,False
train,1218,813,158,655,False
train,1219,1316,172,852,True
train,1220,750,131,619,False
train,1221,750,146,604,False
train,1222,643,129,514,False
train,1223,784,139,645,False
train,1224,1197,153,871,True
train,1225,492,123,369,False
train,1226,1617,146,878,True
train,1227,1110,130,894,True
train,1228,483,135,348,False
train,1229,702,133,569,False
train,1230,875,130,745,False
train,1231,1047,125,899,True
train,1232,691,138,553,False
train,1233,1356,144,880,True
train,1234,486,143,343,False
train,1235,761,152,609,False
train,1236,419,112,307,False
train,1237,646,124,522,False
train,1238,444,135,309,False
train,1239,692,144,548,False
train,1240,634,131,503,False
train,1241,1060,138,886,True
train,1242,1075,132,892,True
train,1243,874,170,704,False
train,1244,734,131,603,False
train,1245,1329,189,835,True
train,1246,665,127,538,False
train,1247,781,134,647,False
train,1248,791,122,669,False
train,1249,790,150,640,False
train,1250,463,129,334,False
train,1251,586,151,435,False
train,1252,848,155,693,False
train,1253,546,120,426,False
train,1254,548,131,417,False
train,1255,658,161,497,False
train,1256,830,139,691,False
train,1257,867,132,735,False
train,1258,548,134,414,False
train,1259,1406,170,854,True
train,1260,620,132,488,False
train,1261,885,146,739,False
train,1262,1176,134,890,True
train,1263,2182,137,887,True
train,1264,679,126,553,False
train,1265,606,118,488,False
train,1266,673,175,498,False
train,1267,901,132,769,False
train,1268,695,166,529,False
train,1269,401,114,287,False
train,1270,871,205,666,False
train,1271,1016,151,865,False
train,1272,566,128,438,False
train,1273,700,160,540,False
train,1274,651,136,515,False
train,1275,3802,170,854,True
train,1276,669,136,533,False
train,1277,777,140,637,False
train,1278,439,144,295,False
train,1279,1393,195,829,True
train,1280,537,119,418,False
train,1281,1021,133,888,False
train,1282,694,126,568,False
train,1283,1157,160,864,True
train,1284,962,168,794,False
train,1285,673,121,552,False
train,1286,1247,145,879,True
train,1287,901,180,721,False
train,1288,515,118,397,False
train,1289,837,172,665,False
train,1290,372,129,243,False
train,1291,898,128,770,False
train,1292,718,130,588,False
train,1293,3080,215,809,True
train,1294,636,134,502,False
train,1295,808,131,677,False
train,1296,696,131,565,False
train,1297,1229,174,850,True
train,1298,845,168,677,False
train,1299,526,115,411,False
train,1300,683,120,563,False
train,1301,502,116,386,False
train,1302,731,145,586,False
train,1303,705,172,533,False
train,1304,1034,178,846,True
train,1305,807,140,667,False
train,1306,915,131,784,False
train,1307,479,108,371,False
train,1308,1676,138,886,True
train,1309,1216,148,876,True
train,1310,1073,147,877,True
train,1311,893,220,673,False
train,1312,597,161,436,False
train,1313,942,207,735,False
train,1314,832,125,707,False
train,1315,1267,231,793,True
train,1316,884,135,749,False
train,1317,1008,146,862,False
train,1318,637,127,510,False
train,1319,404,145,259,False
train,1320,756,112,644,False
train,1321,831,146,685,False
train,1322,450,128,322,False
train,1323,665,121,544,False
train,1324,479,155,324,False
train,1325,930,165,765,False
train,1326,721,150,571,False
train,1327,1702,163,861,True
train,1328,731,127,604,False
train,1329,766,115,651,False
train,1330,531,119,412,False
train,1331,674,117,557,False
train,1332,966,136,830,False
train,1333,928,124,804,False
train,1334,1088,175,849,True
train,1335,537,114,423,False
train,1336,646,126,520,False
train,1337,873,170,703,False
train,1338,728,139,589,False
train,1339,1054,176,848,True
train,1340,618,104,514,False
train,1341,703,145,558,False
train,1342,430,128,302,False
train,1343,689,143,546,False
train,1344,973,134,839,False
train,1345,820,135,685,False
train,1346,1006,183,823,False
train,1347,652,133,519,False
train,1348,581,141,440,False
train,1349,449,140,309,False
train,1350,845,168,677,False
train,1351,562,117,445,False
train,1352,714,141,573,False
train,1353,1237,125,899,True
train,1354,714,163,551,False
train,1355,946,161,785,False
train,1356,1293,128,896,True
train,1357,673,144,529,False
train,1358,649,138,511,False
train,1359,1171,217,807,True
train,1360,647,149,498,False
train,1361,443,110,333,False
train,1362,961,121,840,False
train,1363,448,114,334,False
train,1364,725,147,578,False
train,1365,750,149,601,False
train,1366,560,124,436,False
train,1367,664,127,537,False
train,1368,1090,160,864,True
train,1369,430,138,292,False
train,1370,753,154,599,False
train,1371,1044,132,892,True
train,1372,653,137,516,False
train,1373,558,126,432,False
train,1374,810,129,681,False
train,1375,402,122,280,False
train,1376,673,121,552,False
train,1377,1447,130,894,True
train,1378,782,127,655,False
train,1379,975,120,855,False
train,1380,724,154,570,False
train,1381,860,177,683,False
train,1382,704,112,592,False
train,1383,672,117,555,False
train,1384,872,144,728,False
train,1385,542,175,367,False
train,1386,1395,195,829,True
train,1387,504,112,392,False
train,1388,993,162,831,False
train,1389,6372,137,887,True
train,1390,589,134,455,False
train,1391,439,138,301,False
train,1392,873,168,705,False
train,1393,1004,188,816,False
train,1394,982,163,819,False
train,1395,762,225,537,False
train,1396,1152,155,869,True
train,1397,833,164,669,False
train,1398,576,151,425,False
train,1399,648,147,501,False
train,1400,1028,181,843,True
train,1401,714,110,604,False
train,1402,637,152,485,False
train,1403,499,115,384,False
train,1404,733,131,602,False
train,1405,688,130,558,False
train,1406,740,198,542,False
train,1407,744,110,634,False
train,1408,569,132,437,False
train,1409,1433,139,885,True
train,1410,759,186,573,False
train,1411,822,195,627,False
train,1412,554,111,443,False
train,1413,1235,159,865,True
train,1414,758,141,617,False
train,1415,1093,137,887,True
train,1416,625,124,501,False
train,1417,606,127,479,False
train,1418,672,114,558,False
train,1419,634,110,524,False
train,1420,891,124,767,False
train,1421,670,110,560,False
train,1422,669,165,504,False
train,1423,485,111,374,False
train,1424,527,134,393,False
train,1425,640,143,497,False
train,1426,517,122,395,False
train,1427,594,132,462,False
train,1428,722,148,574,False
train,1429,594,136,458,False
train,1430,408,133,275,False
train,1431,838,154,684,False
train,1432,610,124,486,False
train,1433,1314,144,880,True
train,1434,562,121,441,False
train,1435,842,118,724,False
train,1436,509,153,356,False
train,1437,526,109,417,False
train,1438,383,127,256,False
train,1439,796,151,645,False
train,1440,802,135,667,False
train,1441,686,154,532,False
train,1442,1078,144,880,True
train,1443,613,129,484,False
train,1444,746,130,616,False
train,1445,707,117,590,False
train,1446,785,158,627,False
train,1447,794,162,632,False
train,1448,2220,181,843,True
train,1449,694,137,557,False
train,1450,667,125,542,False
train,1451,434,114,320,False
train,1452,700,133,567,False
train,1453,629,142,487,False
train,1454,553,170,383,False
train,1455,689,177,512,False
train,1456,824,218,606,False
train,1457,481,117,364,False
train,1458,506,119,387,False
train,1459,894,140,754,False
train,1460,2865,115,909,True
train,1461,721,132,589,False
train,1462,675,131,544,False
train,1463,935,133,802,False
train,1464,1071,134,890,True
train,1465,585,125,460,False
train,1466,853,138,715,False
train,1467,918,181,737,False
train,1468,522,101,421,False
train,1469,792,117,675,False
train,1470,2730,121,903,True
train,1471,907,127,780,False
train,1472,928,145,783,False
train,1473,890,128,762,False
train,1474,1200,163,861,True
train,1475,524,124,400,False
train,1476,610,106,504,False
train,1477,611,124,487,False
train,1478,723,159,564,False
train,1479,666,110,556,False
train,1480,834,129,705,False
train,1481,1002,186,816,False
train,1482,868,147,721,False
train,1483,1657,173,851,True
train,1484,645,129,516,False
train,1485,647,126,521,False
train,1486,490,124,366,False
train,1487,493,131,362,False
train,1488,694,175,519,False
train,1489,617,156,461,False
train,1490,654,147,507,False
train,1491,613,121,492,False
train,1492,518,124,394,False
train,1493,912,138,774,False
train,1494,597,123,474,False
train,1495,549,117,432,False
train,1496,607,132,475,False
train,1497,986,122,864,False
train,1498,725,161,564,False
train,1499,451,126,325,False
train,1500,1169,172,852,True
train,1501,1370,182,842,True
train,1502,890,160,730,False
train,1503,579,124,455,False
train,1504,704,117,587,False
train,1505,479,131,348,False
train,1506,694,126,568,False
train,1507,711,130,581,False
train,1508,560,112,448,False
train,1509,523,156,367,False
train,1510,909,141,768,False
train,1511,558,113,445,False
train,1512,803,203,600,False
train,1513,773,120,653,False
train,1514,471,115,356,False
train,1515,2320,165,859,True
train,1516,455,101,354,False
train,1517,419,116,303,False
train,1518,717,137,580,False
train,1519,503,116,387,False
train,1520,812,139,673,False
train,1521,669,136,533,False
train,1522,818,141,677,False
train,1523,629,154,475,False
train,1524,731,150,581,False
train,1525,620,131,489,False
train,1526,548,123,425,False
train,1527,692,123,569,False
train,1528,786,124,662,False
train,1529,581,121,460,False
train,1530,489,131,358,False
train,1531,838,131,707,False
train,1532,576,122,454,False
train,1533,723,115,608,False
train,1534,621,164,457,False
train,1535,700,116,584,False
train,1536,681,123,558,False
train,1537,510,139,371,False
train,1538,623,116,507,False
train,1539,1476,148,876,True
train,1540,586,118,468,False
train,1541,648,188,460,False
train,1542,577,128,449,False
train,1543,680,121,559,False
train,1544,583,125,458,False
train,1545,814,197,617,False
train,1546,796,139,657,False
train,1547,467,114,353,False
train,1548,1552,127,897,True
train,1549,1035,143,881,True
train,1550,526,151,375,False
train,1551,754,122,632,False
train,1552,515,151,364,False
train,1553,689,123,566,False
train,1554,1154,156,868,True
train,1555,452,135,317,False
train,1556,528,118,410,False
train,1557,832,127,705,False
train,1558,494,146,348,False
train,1559,839,140,699,False
train,1560,616,140,476,False
train,1561,764,142,622,False
train,1562,823,135,688,False
train,1563,496,121,375,False
train,1564,929,164,765,False
train,1565,381,127,254,False
train,1566,638,133,505,False
train,1567,728,161,567,False
train,1568,958,217,741,False
train,1569,1141,141,883,True
train,1570,515,117,398,False
train,1571,829,123,706,False
train,1572,659,136,523,False
train,1573,586,124,462,False
train,1574,794,154,640,False
train,1575,679,165,514,False
train,1576,716,193,523,False
train,1577,326,121,205,False
train,1578,799,134,665,False
train,1579,1725,176,848,True
train,1580,289,105,184,False
train,1581,1460,133,891,True
train,1582,1711,166,858,True
train,1583,1244,144,880,True
train,1584,505,124,381,False
train,1585,580,104,476,False
train,1586,659,136,523,False
train,1587,843,125,718,False
train,1588,707,114,593,False
train,1589,725,154,571,False
train,1590,960,132,828,False
train,1591,485,123,362,False
train,1592,497,123,374,False
train,1593,572,141,431,False
train,1594,925,124,801,False
train,1595,1909,156,868,True
train,1596,804,152,652,False
train,1597,708,122,586,False
train,1598,1083,143,881,True
train,1599,680,124,556,False
train,1600,977,159,818,False
train,1601,2200,124,900,True
train,1602,602,149,453,False
train,1603,885,144,741,False
train,1604,826,180,646,False
train,1605,988,173,815,False
train,1606,1495,220,804,True
train,1607,613,126,487,False
train,1608,1634,144,880,True
train,1609,905,141,764,False
train,1610,888,138,750,False
train,1611,592,145,447,False
train,1612,872,153,719,False
train,1613,855,132,723,False
train,1614,495,115,380,False
train,1615,796,143,653,False
train,1616,638,118,520,False
train,1617,778,128,650,False
train,1618,572,135,437,False
train,1619,559,161,398,False
train,1620,655,122,533,False
train,1621,626,159,467,False
train,1622,1020,153,867,False
train,1623,520,122,398,False
train,1624,886,131,755,False
train,1625,995,151,844,False
train,1626,437,122,315,False
train,1627,1304,143,881,True
train,1628,848,129,719,False
train,1629,731,176,555,False
train,1630,638,122,516,False
train,1631,416,129,287,False
train,1632,663,124,539,False
train,1633,1182,130,894,True
train,1634,607,132,475,False
train,1635,722,163,559,False
train,1636,743,140,603,False
train,1637,589,118,471,False
train,1638,632,115,517,False
train,1639,425,106,319,False
train,1640,606,145,461,False
train,1641,476,169,307,False
train,1642,3201,137,887,True
train,1643,829,128,701,False
train,1644,965,135,830,False
train,1645,557,117,440,False
train,1646,3079,158,866,True
train,1647,593,145,448,False
train,1648,837,202,635,False
train,1649,723,150,573,False
train,1650,834,132,702,False
train,1651,1050,154,870,True
train,1652,590,133,457,False
train,1653,581,158,423,False
train,1654,917,170,747,False
train,1655,1150,119,905,True
train,1656,569,126,443,False
train,1657,507,107,400,False
train,1658,984,147,837,False
train,1659,381,137,244,False
train,1660,981,156,825,False
train,1661,702,141,561,False
train,1662,1252,125,899,True
train,1663,1566,182,842,True
train,1664,684,168,516,False
train,1665,814,141,673,False
train,1666,782,145,637,False
train,1667,805,117,688,False
train,1668,875,161,714,False
train,1669,901,151,750,False
train,1670,638,119,519,False
train,1671,837,119,718,False
train,1672,545,127,418,False
train,1673,887,153,734,False
train,1674,689,128,561,False
train,1675,589,125,464,False
train,1676,392,136,256,False
train,1677,831,172,659,False
train,1678,1289,150,874,True
train,1679,649,136,513,False
train,1680,487,145,342,False
train,1681,660,111,549,False
train,1682,1143,144,880,True
train,1683,1043,138,886,True
train,1684,612,116,496,False
train,1685,941,163,778,False
train,1686,498,128,370,False
train,1687,652,154,498,False
train,1688,456,110,346,False
train,1689,741,158,583,False
train,1690,578,116,462,False
train,1691,646,147,499,False
train,1692,1018,129,889,False
train,1693,620,143,477,False
train,1694,618,134,484,False
train,1695,872,173,699,False
train,1696,756,126,630,False
train,1697,1227,188,836,True
train,1698,578,118,460,False
train,1699,803,147,656,False
validation,0,711,147,564,False
validation,1,760,214,546,False
validation,2,719,148,571,False
validation,3,465,145,320,False
validation,4,917,139,778,False
validation,5,1403,151,873,True
validation,6,831,195,636,False
validation,7,764,130,634,False
validation,8,736,129,607,False
validation,9,1736,129,895,True
validation,10,655,121,534,False
validation,11,1251,179,845,True
validation,12,641,133,508,False
validation,13,771,182,589,False
validation,14,1284,147,877,True
validation,15,445,143,302,False
validation,16,824,174,650,False
validation,17,691,111,580,False
validation,18,1000,120,880,False
validation,19,530,144,386,False
validation,20,591,158,433,False
validation,21,663,112,551,False
validation,22,488,115,373,False
validation,23,682,115,567,False
validation,24,1406,148,876,True
validation,25,572,124,448,False
validation,26,694,149,545,False
validation,27,620,141,479,False
validation,28,654,113,541,False
validation,29,1121,156,868,True
validation,30,542,129,413,False
validation,31,953,165,788,False
validation,32,1917,140,884,True
validation,33,834,122,712,False
validation,34,2941,138,886,True
validation,35,1103,128,896,True
validation,36,631,128,503,False
validation,37,640,145,495,False
validation,38,748,129,619,False
validation,39,459,120,339,False
validation,40,1405,171,853,True
validation,41,1063,124,900,True
validation,42,646,132,514,False
validation,43,802,143,659,False
validation,44,1066,136,888,True
validation,45,573,140,433,False
validation,46,861,138,723,False
validation,47,631,152,479,False
validation,48,433,110,323,False
validation,49,756,148,608,False
validation,50,753,124,629,False
validation,51,1509,142,882,True
validation,52,774,139,635,False
validation,53,998,129,869,False
validation,54,862,127,735,False
validation,55,536,122,414,False
validation,56,596,137,459,False
validation,57,766,125,641,False
validation,58,714,138,576,False
validation,59,636,116,520,False
validation,60,785,133,652,False
validation,61,472,124,348,False
validation,62,482,114,368,False
validation,63,818,182,636,False
validation,64,1291,129,895,True
validation,65,764,133,631,False
validation,66,779,165,614,False
validation,67,577,125,452,False
validation,68,1022,181,841,False
validation,69,650,121,529,False
validation,70,734,126,608,False
validation,71,692,118,574,False
validation,72,732,140,592,False
validation,73,425,146,279,False
validation,74,725,136,589,False
validation,75,1611,171,853,True
validation,76,1567,201,823,True
validation,77,738,137,601,False
validation,78,505,115,390,False
validation,79,659,99,560,False
validation,80,750,136,614,False
validation,81,1112,162,862,True
validation,82,780,131,649,False
validation,83,527,145,382,False
validation,84,611,146,465,False
validation,85,681,169,512,False
validation,86,1127,210,814,True
validation,87,1210,134,890,True
validation,88,494,126,368,False
validation,89,872,138,734,False
validation,90,656,146,510,False
validation,91,527,119,408,False
validation,92,720,150,570,False
validation,93,1031,143,881,True
validation,94,683,143,540,False
validation,95,834,171,663,False
validation,96,1592,154,870,True
validation,97,539,122,417,False
validation,98,1396,130,894,True
validation,99,897,121,776,False
validation,100,633,130,503,False
validation,101,1205,135,889,True
validation,102,500,116,384,False
validation,103,943,153,790,False
validation,104,539,119,420,False
validation,105,584,141,443,False
validation,106,1299,131,893,True
validation,107,869,150,719,False
validation,108,729,127,602,False
validation,109,594,127,467,False
validation,110,558,157,401,False
validation,111,712,131,581,False
validation,112,840,168,672,False
validation,113,327,116,211,False
validation,114,639,108,531,False
validation,115,1401,169,855,True
validation,116,885,117,768,False
validation,117,606,132,474,False
validation,118,691,132,559,False
validation,119,609,145,464,False
validation,120,866,123,743,False
validation,121,447,132,315,False
validation,122,567,125,442,False
validation,123,717,114,603,False
validation,124,988,193,795,False
validation,125,721,167,554,False
validation,126,583,148,435,False
validation,127,832,135,697,False
validation,128,700,147,553,False
validation,129,631,128,503,False
validation,130,497,112,385,False
validation,131,785,164,621,False
validation,132,877,120,757,False
validation,133,809,116,693,False
validation,134,671,103,568,False
validation,135,1196,132,892,True
validation,136,740,145,595,False
validation,137,1118,165,859,True
validation,138,707,127,580,False
validation,139,1035,118,906,True
validation,140,513,117,396,False
validation,141,1033,171,853,True
validation,142,580,118,462,False
validation,143,624,112,512,False
validation,144,736,126,610,False
validation,145,630,171,459,False
validation,146,547,156,391,False
validation,147,578,122,456,False
validation,148,1309,157,867,True
validation,149,616,136,480,False
validation,150,491,142,349,False
validation,151,800,145,655,False
validation,152,1469,135,889,True
validation,153,816,109,707,False
validation,154,894,170,724,False
validation,155,763,120,643,False
validation,156,431,129,302,False
validation,157,773,152,621,False
validation,158,636,149,487,False
validation,159,758,120,638,False
validation,160,638,140,498,False
validation,161,725,116,609,False
validation,162,549,133,416,False
validation,163,447,126,321,False
validation,164,640,126,514,False
validation,165,666,135,531,False
validation,166,434,140,294,False
validation,167,624,145,479,False
validation,168,1018,183,835,False
validation,169,901,165,736,False
validation,170,635,135,500,False
validation,171,719,118,601,False
validation,172,473,149,324,False
validation,173,1226,131,893,True
validation,174,512,128,384,False
validation,175,733,145,588,False
validation,176,924,159,765,False
validation,177,497,121,376,False
validation,178,764,126,638,False
validation,179,950,140,810,False
validation,180,768,171,597,False
validation,181,439,139,300,False
validation,182,658,115,543,False
validation,183,666,141,525,False
validation,184,1371,123,901,True
validation,185,752,137,615,False
validation,186,566,119,447,False
validation,187,437,127,310,False
validation,188,919,164,755,False
validation,189,1323,157,867,True
validation,190,680,127,553,False
validation,191,695,116,579,False
validation,192,609,147,462,False
validation,193,452,121,331,False
validation,194,387,136,251,False
validation,195,731,141,590,False
validation,196,701,140,561,False
validation,197,598,157,441,False
validation,198,650,153,497,False
validation,199,672,169,503,False
validation,200,445,121,324,False
validation,201,990,136,854,False
validation,202,832,187,645,False
validation,203,696,137,559,False
validation,204,576,125,451,False
validation,205,666,128,538,False
validation,206,700,123,577,False
validation,207,355,118,237,False
validation,208,620,133,487,False
validation,209,579,121,458,False
validation,210,535,160,375,False
validation,211,797,139,658,False
validation,212,600,125,475,False
validation,213,824,121,703,False
validation,214,611,125,486,False
validation,215,762,134,628,False
validation,216,660,159,501,False
validation,217,776,120,656,False
validation,218,1109,178,846,True
validation,219,936,152,784,False
validation,220,815,122,693,False
validation,221,721,151,570,False
validation,222,459,141,318,False
validation,223,594,129,465,False
validation,224,562,107,455,False
validation,225,1112,186,838,True
validation,226,477,137,340,False
validation,227,435,118,317,False
validation,228,994,130,864,False
validation,229,815,152,663,False
validation,230,471,147,324,False
validation,231,743,134,609,False
validation,232,625,149,476,False
validation,233,849,118,731,False
validation,234,520,129,391,False
validation,235,876,133,743,False
validation,236,717,118,599,False
validation,237,663,151,512,False
validation,238,856,116,740,False
validation,239,459,128,331,False
validation,240,709,144,565,False
validation,241,1255,159,865,True
validation,242,554,104,450,False
validation,243,427,144,283,False
validation,244,777,211,566,False
validation,245,1286,129,895,True
validation,246,918,233,685,False
validation,247,861,144,717,False
validation,248,624,146,478,False
validation,249,863,136,727,False
validation,250,786,150,636,False
validation,251,788,148,640,False
validation,252,587,111,476,False
validation,253,705,132,573,False
validation,254,471,116,355,False
validation,255,1679,152,872,True
validation,256,504,109,395,False
validation,257,712,144,568,False
validation,258,1089,131,893,True
validation,259,885,181,704,False
validation,260,681,137,544,False
validation,261,858,112,746,False
validation,262,506,115,391,False
validation,263,944,150,794,False
validation,264,872,129,743,False
validation,265,604,127,477,False
validation,266,687,121,566,False
validation,267,449,136,313,False
validation,268,1095,144,880,True
validation,269,833,121,712,False
validation,270,556,125,431,False
validation,271,696,147,549,False
validation,272,560,143,417,False
validation,273,873,135,738,False
validation,274,431,126,305,False
validation,275,722,140,582,False
validation,276,762,169,593,False
validation,277,1460,210,814,True
validation,278,1060,170,854,True
validation,279,851,153,698,False
validation,280,881,138,743,False
validation,281,2417,145,879,True
validation,282,488,128,360,False
validation,283,472,113,359,False
validation,284,591,109,482,False
validation,285,661,120,541,False
validation,286,590,120,470,False
validation,287,666,123,543,False
validation,288,495,135,360,False
validation,289,397,131,266,False
validation,290,525,126,399,False
validation,291,529,119,410,False
validation,292,619,122,497,False
validation,293,797,158,639,False
validation,294,1061,177,847,True
validation,295,582,149,433,False
validation,296,776,159,617,False
validation,297,741,131,610,False
validation,298,1010,133,877,False
validation,299,458,142,316,False
